<edmx:Edmx
    xmlns:edmx="http://schemas.microsoft.com/ado/2007/06/edmx"
    xmlns:m="http://schemas.microsoft.com/ado/2007/08/dataservices/metadata"
    xmlns:sap="http://www.sap.com/Protocols/SAPData" Version="1.0">
    <edmx:DataServices m:DataServiceVersion="2.0">
        <Schema
            xmlns="http://schemas.microsoft.com/ado/2008/09/edm" Namespace="ZTG_TEST_SRV" xml:lang="en" sap:schema-version="1">
            <EntityType Name="Product" sap:content-version="1">
                <Key>
                    <PropertyRef Name="ProductId"/>
                </Key>
                <Property Name="ProductId" Type="Edm.String" Nullable="false" MaxLength="10" sap:label="Product ID" sap:creatable="false" sap:updatable="false" sap:sortable="false" sap:filterable="false"/>
                <Property Name="TypeCode" Type="Edm.String" Nullable="false" MaxLength="2" sap:label="Type Code" sap:creatable="false" sap:updatable="false" sap:sortable="false" sap:filterable="false"/>
                <Property Name="Category" Type="Edm.String" Nullable="false" MaxLength="40" sap:label="Category" sap:creatable="false" sap:updatable="false" sap:sortable="false" sap:filterable="false"/>
                <Property Name="Name" Type="Edm.String" Nullable="false" MaxLength="255" sap:label="Description" sap:creatable="false" sap:sortable="false" sap:filterable="false"/>
                <Property Name="Description" Type="Edm.String" Nullable="false" MaxLength="255" sap:label="Description" sap:creatable="false" sap:sortable="false" sap:filterable="false"/>
                <Property Name="SupplierId" Type="Edm.String" Nullable="false" MaxLength="10" sap:label="Business Partner ID" sap:creatable="false" sap:updatable="false" sap:sortable="false" sap:filterable="false"/>
                <Property Name="SupplierName" Type="Edm.String" Nullable="false" MaxLength="80" sap:label="Company" sap:creatable="false" sap:updatable="false" sap:sortable="false" sap:filterable="false"/>
                <Property Name="TaxTarifCode" Type="Edm.Byte" Nullable="false" sap:label="Tax Tariff Code" sap:creatable="false" sap:updatable="false" sap:sortable="false" sap:filterable="false"/>
                <Property Name="MeasureUnit" Type="Edm.String" Nullable="false" MaxLength="3" sap:label="Unit of Measure" sap:creatable="false" sap:updatable="false" sap:sortable="false" sap:filterable="false" sap:semantics="unit-of-measure"/>
                <Property Name="WeightMeasure" Type="Edm.Decimal" Nullable="false" Precision="13" Scale="3" sap:unit="WeightUnit" sap:label="Weight" sap:creatable="false" sap:updatable="false" sap:sortable="false" sap:filterable="false"/>
                <Property Name="WeightUnit" Type="Edm.String" Nullable="false" MaxLength="3" sap:label="Unit of Measure" sap:creatable="false" sap:updatable="false" sap:sortable="false" sap:filterable="false" sap:semantics="unit-of-measure"/>
                <Property Name="Price" Type="Edm.Decimal" Nullable="false" Precision="23" Scale="4" sap:label="Price" sap:creatable="false" sap:sortable="false" sap:filterable="false"/>
                <Property Name="CurrencyCode" Type="Edm.String" Nullable="false" MaxLength="5" sap:label="Currency Code" sap:creatable="false" sap:updatable="false" sap:sortable="false" sap:filterable="false" sap:semantics="currency-code"/>
                <Property Name="Width" Type="Edm.Decimal" Nullable="false" Precision="13" Scale="3" sap:unit="DimUnit" sap:label="Dimensions" sap:creatable="false" sap:updatable="false" sap:sortable="false" sap:filterable="false"/>
                <Property Name="Depth" Type="Edm.Decimal" Nullable="false" Precision="13" Scale="3" sap:unit="DimUnit" sap:label="Dimensions" sap:creatable="false" sap:updatable="false" sap:sortable="false" sap:filterable="false"/>
                <Property Name="Height" Type="Edm.Decimal" Nullable="false" Precision="13" Scale="3" sap:unit="DimUnit" sap:label="Dimensions" sap:creatable="false" sap:updatable="false" sap:sortable="false" sap:filterable="false"/>
                <Property Name="DimUnit" Type="Edm.String" Nullable="false" MaxLength="3" sap:label="Dimension Unit" sap:creatable="false" sap:updatable="false" sap:sortable="false" sap:filterable="false" sap:semantics="unit-of-measure"/>
                <Property Name="ProductPicUrl" Type="Edm.String" Nullable="false" MaxLength="255" sap:label="Image" sap:creatable="false" sap:updatable="false" sap:sortable="false" sap:filterable="false"/>
            </EntityType>
            <EntityContainer Name="ZTG_TEST_SRV_Entities" m:IsDefaultEntityContainer="true" sap:supported-formats="atom json xlsx">
                <EntitySet Name="ProductSet" EntityType="ZTG_TEST_SRV.Product" sap:creatable="false" sap:updatable="false" sap:deletable="false" sap:pageable="false" sap:content-version="1"/>
            </EntityContainer>
            <atom:link
                xmlns:atom="http://www.w3.org/2005/Atom" rel="self" href="https://SAPES4.SAPDEVCENTER.COM:443/sap/opu/odata/sap/ZTG_TEST_SRV/$metadata"/>
                <atom:link
                    xmlns:atom="http://www.w3.org/2005/Atom" rel="latest-version" href="https://SAPES4.SAPDEVCENTER.COM:443/sap/opu/odata/sap/ZTG_TEST_SRV/$metadata"/>
                </Schema>
            </edmx:DataServices>
        </edmx:Edmx>